Title,Source,Published Date
One state’s ‘extreme left-wing of Dem majority’ calling for prostitution to be decriminalized,Wnd.com,2026-02-16T18:49:24Z
"Coerced Colorado prison labor amounts to involuntary servitude, judge rules",The Denver Post,2026-02-16T18:48:58Z
"Ericsson, Leonardo, Italian Navy trial 5G Standalone on-sea capabilities",Thefly.com,2026-02-16T18:47:26Z
WWE Files Trademark For NXT Stable,Wrestling Inc.,2026-02-16T18:47:04Z
"Sabres get good news for Olympics return involving Tage Thompson, Rasmus Dahlin thanks to bracket",Yahoo Entertainment,2026-02-16T18:46:49Z
Dinosaur Is Back in Action at Walt Disney World,Inside the Magic,2026-02-16T18:46:41Z
"CS pushes for institutionalized, time-bound disaster relief mechanism",Statetimes.in,2026-02-16T18:46:18Z
UFC CEO Dana White confirms White House card is done,The Big Lead,2026-02-16T18:46:12Z
Pennsylvania man accused of stabbing 3-month-old baby after talking 'sacrifice',Fox News,2026-02-16T18:45:48Z
"Trying to tame the Olympic controversy, World Curling sent in the umps. Then it sent them away",Yahoo Entertainment,2026-02-16T18:45:02Z
JK Public School Kunjwani teacher felicitated at Amar Ujala Shikshak Samaroh,Statetimes.in,2026-02-16T18:44:43Z
Why the Reserve Bank's interest rate hike may be a one-off,ABC News (AU),2026-02-16T18:44:31Z
Obama Calls Trump’s Racist Video A ‘Clown Show’,Littlethings.com,2026-02-16T18:43:59Z
Arutz Sheva Exclusive: Rabbi Abuhatzeira's blessing fulfilled in an astonishing way,Israelnationalnews.com,2026-02-16T18:43:57Z
Pakistan opposition to continue protest over ex-PM Khan’s health amid conflicting reports,Arabnews.pk,2026-02-16T18:43:38Z
Pak duo among 3 inmates flee Jammu juvenile home after injuring 2 cops,The Times of India,2026-02-16T18:43:22Z
Impetigo Guitarist Mark Sawickis Passes Away Aged 58,Metalunderground.com,2026-02-16T18:43:21Z
"Kaiser strike hits fourth week as 31,000 workers demand higher pay and better staffing",KPBS,2026-02-16T18:43:08Z
YouTube's missing comments might be yet another adblocker deterent,Android Central,2026-02-16T18:43:00Z
Infostealer Steals OpenClaw AI Agent Configuration Files and Gateway Tokens,Internet,2026-02-16T18:43:00Z
Satvik of JKPS Panjtirthi wins gold in Inter-District Kudo Championship,Statetimes.in,2026-02-16T18:42:39Z
Skilled workers are considering leaving the trades — and toilets are to blame,ABC News (AU),2026-02-16T18:42:32Z
‘Deportation Poetry’: Elon Musk Endorses Farage Rival Launching Hardline UK Party,The Daily Caller,2026-02-16T18:41:56Z
"Blood Glucose Monitoring Devices Market to Reach USD 36.8 Billion by 2032, Fueled by CGM Adoption and Home Diagnostics - Credence Research",PR Newswire UK,2026-02-16T18:41:00Z
Disney+ Quietly Updates Its Subscriber Rules — Here’s How It Will Impact You,disneyfoodblog.com,2026-02-16T18:38:43Z
"Sexual assaults on airplanes are on the rise, CBS News investigation finds",CBS News,2026-02-16T18:38:00Z
Marco Rubio on Iran Talks: ‘We Are Dealing With Radical Shiite Clerics’ Driven by ‘Pure Theology’,Breitbart News,2026-02-16T18:37:57Z
"Robert Duvall, Oscar winner who starred in ""The Godfather,"" dies at age 95",CBS News,2026-02-16T18:37:09Z
"Doctor Who: RTD's Interesting Spinoff Timeline; ""VPN It!"": McTighe",Bleeding Cool News,2026-02-16T18:37:06Z
Face off! Tyson Fury stares down Arslanbek Makhmudov ahead of April 11 boxing comeback,MMA Mania,2026-02-16T18:36:50Z
"Ohad Tal: Crown Prince Pahlavi signals hope for Iran, and Israel",Israelnationalnews.com,2026-02-16T18:35:32Z
"Oscar-winning actor Robert Duvall dead at 95 - Boston News, Weather, Sports | WHDH 7News","Boston News, Weather, Sports | WHDH 7News",2026-02-16T18:35:21Z
LG Manoj Sinha orders reopening of 14 more tourist spots across J&K restricted after April 2025 Pahalgam attack,The Times of India,2026-02-16T18:35:19Z
Statement from BCA Superintendent Drew Evans on Alex Pretti shooting investigation (Homepage),Memeorandum.com,2026-02-16T18:35:01Z
"Apple says it will bring ""advanced video capabilities"" to Apple Podcasts this spring, including allowing users to switch between watching and listening to shows (Todd Spangler/Variety)",Mediagazer.com,2026-02-16T18:35:01Z
Pentagon may sever Anthropic relationship over AI safeguards - Claude maker expresses concerns over 'hard limits around fully autonomous weapons and mass domestic surveillance',TechRadar,2026-02-16T18:35:00Z
Florida Panther Lucy dies after cancer fight,WFTV Orlando,2026-02-16T18:34:52Z
Desperate California shipping oil from the Bahamas using bizarre loophole as state grapples with highest US gas prices,New York Post,2026-02-16T18:34:39Z
Square Enix RPG Is Free With PlayStation Plus for Only 24 Hours,ComicBook.com,2026-02-16T18:34:36Z
"TMZ Has Message For Alleged Nancy Guthrie Kidnapper After Email Demand: ""Tell Us Now""",Screen Rant,2026-02-16T18:34:31Z
Actor Robert Duvall Has Died,Freerepublic.com,2026-02-16T18:34:07Z
Winnipeg councillor backtracks on proposed 100-metre protest ban after community pushback,CBC News,2026-02-16T18:33:54Z
Mark Carney congratulates Mikael Kingsbury on ending Canada's Olympic gold ‘curse’,National Post,2026-02-16T18:33:24Z
Nancy Guthrie disappearance: Savannah Guthrie says 'we still believe' as FBI investigates DNA - Fox News,Slashdot.org,2026-02-16T18:33:21Z
Robert Duvall Is Dead at 95,Newser,2026-02-16T18:33:16Z
Academy Award winning actor Robert Duvall dies at age 95,WPVI-TV,2026-02-16T18:33:12Z
How the H-1B Visa Debate Is Driving a Wave of Racism Against South Asians - The New York Times,Slashdot.org,2026-02-16T18:33:11Z
Boucheron donates brooch to The Victoria and Albert Museum,Luxurydaily.com,2026-02-16T18:33:09Z
"Robert Duvall, star of 'The Godfather' and 'Apocalypse Now,' dead at 95",Thenationaldesk.com,2026-02-16T18:33:08Z
'Unacceptably high': Concern over lead air pollution results over Hobart,ABC News (AU),2026-02-16T18:33:05Z
Oscar-winning screen legend Robert Duvall dead at 95,9News,2026-02-16T18:32:58Z
"Olympic skier throws poles, heads for woods after skiing out with gold in reach - The New York Times",Slashdot.org,2026-02-16T18:32:40Z
"Kate Hudson reveals whether son Ryder, 22, is following in her acting footsteps",Page Six,2026-02-16T18:32:39Z
Godfather star Robert Duvall dies aged 95,Independent.ie,2026-02-16T18:32:32Z
'Fully unlocking the orbital economy': This California company will fly astronauts to the space station in 2027 - Space,Slashdot.org,2026-02-16T18:32:29Z
Ex-NBA champ says league is not ready for life after LeBron James: ‘Hell no’,New York Post,2026-02-16T18:32:06Z
Ex-NBA champ says league is not ready for life after LeBron James: ‘Hell no’,New York Post,2026-02-16T18:32:06Z
Confirmed Macclesfield v Brentford team news: Furo starts as Andrews makes seven changes,Brentfordfc.com,2026-02-16T18:32:00Z
Carney Taps Veteran Charette as Chief Trade Negotiator to US,Financial Post,2026-02-16T18:31:03Z
Jets trade proposal from ESPN lands Kyler Murray for reasonable draft compensation,Sporting News,2026-02-16T18:30:51Z
RNC mocks 'Forget someone again??' after Dems’ Presidents Day post leaves out big name,Fox News,2026-02-16T18:30:35Z
Ghislaine Maxwell Could End Up Kissing Her American Citizenship Goodbye,The Daily Caller,2026-02-16T18:30:29Z
This Anker battery pack solved my battery anxiety — and it’s on sale this Presidents' Day,TechRadar,2026-02-16T18:30:00Z
"Stephanie Grace: Farewell Teedy, a little less Trump and a little more Trumpism, and other notes from the year in Carnival satire",The Advocate,2026-02-16T18:30:00Z
Larry Murphy ‘being looked at again’ after report something buried near his former home in probe into missing Jo Jo Dullard and Deirdre Jacob,Independent.ie,2026-02-16T18:30:00Z
Weekly Utd Pod with Muppetiers EP 30,Spotify.com,2026-02-16T18:29:42Z
NEW Map Reveals Expansion of Popular TSA PreCheck Perk,allears.net,2026-02-16T18:29:19Z
The Godfather actor Robert Duvall dies at 95 after iconic performances in Apocalypse Now and The Great Santini,Freerepublic.com,2026-02-16T18:28:32Z
Team USA's Matthew Tkachuk has savage taunt for Oilers' Leon Draisaitl in blowout of Germany at Olympics,Sporting News,2026-02-16T18:28:26Z
Russian Delegation to Arrive in Geneva for Talks on Ukraine on Tuesday Morning - Source,Sputnikglobe.com,2026-02-16T18:27:58Z
Mining the News (2/16/26),Fangraphs.com,2026-02-16T18:27:47Z
‘Warmth Of Collectivism’ Didn’t Save The 20 New Yorkers Who Froze To Death During Cold Snap,The Daily Caller,2026-02-16T18:27:43Z
Is Disney World Going Bigger & Bolder on Villains Land?,Disneytouristblog.com,2026-02-16T18:27:05Z
Celtics get great Jayson Tatum update amid All-Star's 'quiet work',Sporting News,2026-02-16T18:26:12Z
Academy Award winning actor Robert Duvall dies at age 95,WABC-TV,2026-02-16T18:26:08Z
Academy Award winning actor Robert Duvall dies at age 95,KTRK-TV,2026-02-16T18:26:05Z
"The Simpsons May Eventually End, But Will 'Never' Have a Series Finale, Showrunner Says",IGN,2026-02-16T18:25:54Z
Academy Award winning actor Robert Duvall dies at age 95,WLS-TV,2026-02-16T18:25:50Z
Actual Convicted Terrorist Might Hold Office In European Country He Plotted Against,The Daily Caller,2026-02-16T18:25:42Z
"Hochul, Mamdani announce $1.5B for NYC budget ahead of preliminary plan",Gothamist,2026-02-16T18:25:22Z
A history of assassination reveals how ‘targeted killings’ became an extension of state power,The Conversation Africa,2026-02-16T18:25:17Z
Intel's 52-Core Nova Lake CPU May Require A Premium Motherboard For Full Power,Hot Hardware,2026-02-16T18:25:00Z
"Robert Duvall, star of 'The Godfather,' 'Apocalypse Now,' dead at 95",Abcnews.com,2026-02-16T18:24:46Z
'If You Can Keep It': A.I. And Our Democracy,NPR,2026-02-16T18:24:41Z
Robert Duvall of 'The Godfather' & 'Apocalypse Now' Dies at 95,Extra,2026-02-16T18:24:26Z
50+ Low-Cost Marketing Ideas That Actually Work - crowdspring Blog,Crowdspring.com,2026-02-16T18:24:03Z
Latest on Nancy Guthrie investigation as search now in third week,CBS News,2026-02-16T18:24:00Z
Injury rumours suggest Kristensen's season could be over at Frankfurt,Bulinews.com,2026-02-16T18:24:00Z
NAACP asks judge to limit how feds use Georgia voter data seized by FBI,Fox News,2026-02-16T18:23:58Z
"Democrat lawmakers rush to bash Trump even as jobs, inflation reports beat projections",Fox News,2026-02-16T18:23:43Z
Academy Award winning actor Robert Duvall dies at age 95,KGO-TV,2026-02-16T18:23:34Z
Browns hire a former Falcons coach as their Jim Schwartz replacement,Sporting News,2026-02-16T18:22:54Z
VIDEO: Maryland Sheriffs Vow to Defy Democrat Gov. Wes Moore's Ban on Working with ICE,Breitbart News,2026-02-16T18:22:51Z
Omar Slanders Trump [semi-satire],Freerepublic.com,2026-02-16T18:22:47Z
